[
  {
    "name": "Дейвид",
    "age": "4",
    "color": "зелен",
    "game": "LEGO",
    "food": "сладолед"
  },
  {
    "name": "Сюзан",
    "age": "4",
    "color": "син",
    "game": "кукла Барби",
    "food": "крем карамел"
  },
  {
    "name": "Брайън",
    "age": "6",
    "color": "лилаво",
    "game": "футбол",
    "food": "хот дог"
  },
  {
    "name": "Ашли",
    "age": "3",
    "color": "розово",
    "game": "кукли",
    "food": "пуканки"
  },
  {
    "name": "Ема",
    "age": "5",
    "color": "оранжево",
    "game": "криеница",
    "food": "торта"
  },
  {
    "name": "Том",
    "age": "5",
    "color": "червено",
    "game": "фризби",
    "food": "ябълки"
  }
]